
<odoo noupdate="1">

    <record model="ir.module.category" id="module_category_services_field_visit">
        <field name="name">Field Visit</field>
        <field name="sequence">10</field>
        <field name="parent_id" ref="base.module_category_services"/>
    </record>

    <record id="group_field_visit_user" model="res.groups">
        <field name="name">User</field>
        <field name="category_id" ref="field_visit.module_category_services_field_visit"/>
    </record>

        <record id="group_field_visit_managers" model="res.groups">
        <field name="name">Manager</field>
        <field name="category_id" ref="field_visit.module_category_services_field_visit"/>
        <field name="implied_ids" eval="[(4, ref('field_visit.group_field_visit_user'))]"/>
<!--            <field name="implied_ids" eval="[(4, ref('field_visit.group_field_visit_user'))]"/>-->
    </record>

    <record id="group_field_visit_manager" model="res.groups">
        <field name="name">Administrator</field>
        <field name="category_id" ref="field_visit.module_category_services_field_visit"/>
        <field name="implied_ids" eval="[(4, ref('field_visit.group_field_visit_managers'))]"/>
    </record>



</odoo>
